Output T/year,Total consumption,Number Stations,FCEV Fleet,Worker,Number of Companies,Number of Valleys,Number of Patents,Count Research,Value (€/kg),Country
12682.617892557688,12753.204588358527,1.3179901704293089,6.809615880551429,175.6221902097054,15.815882045151707,0.2196650284048848,7.798108508373411,0.4393300568097696,5.693329854517033,Austria
35019.7376014398,32204.006858028097,0.8515859425642751,9.367445368207026,2243.2476899028134,7.068163323283484,0.17031718851285502,3.5766609587699554,0.5109515655385651,7.336291807693096,Belgium
18793.191000789404,18796.13813285645,0.0,0.0,162.69342138526702,1.5509382400883416,0.0,20.162197121148438,0.3101876480176683,4.1768406126830895,Bulgaria
16182.424929719615,16187.345053332469,0.5193599200601211,0.0,92.1863858106715,2.5967996003006055,0.0,5.712959120661332,0.25967996003006055,8.589821319053362,Croatia
0.0,0.0,0.0,0.0,0.0,0.0,0.0,0.0,0.0,6.385281223678209,Cyprus
0.0,0.0,0.0,1.1082861103396722,180.74299316122818,2.8630724517108197,0.0,22.62750808610164,0.0,0.0,Czech Republic
4206.017425184979,4262.760964976275,0.8427931242914216,39.442718216838536,544.7814755419749,7.922255368339363,0.505675874574853,19.552800483560983,0.8427931242914216,7.259121901282922,Denmark
12.342825543405077,12.342825543405077,0.0,1.4642531869470612,0.0,7.321265934735306,0.7321265934735306,0.7321265934735306,0.7321265934735306,6.587222461241305,Estonia
31710.413240817543,31696.273208254323,0.0,0.3594555685958048,559.4925925193701,6.829655803320291,0.3594555685958048,14.378222743832191,0.898638921489512,6.961202021902444,Finland
8109.1199030407615,8064.022371549654,1.5988739937233487,12.65897483103899,1233.7733175419344,11.00142656231662,0.05867427499902197,16.091419918481776,0.14668568749755492,6.807338337198037,France
20667.808141090572,20585.971441647056,2.0626171446515182,26.470253356361148,535.7114597763874,11.249561323415463,0.18966594433577177,31.105214871066572,0.21337418737774325,7.633407199788022,Germany
31357.59776970241,31355.510399491865,0.0,0.0,42.44293873371396,3.26484144105492,0.28807424479896354,6.1455838890445555,0.28807424479896354,5.177097979923627,Greece
19584.394091584054,19570.469914626836,0.1041694445185205,0.0,9.479419451185365,1.7708805568148485,0.1041694445185205,15.208738899703993,0.1041694445185205,7.820671361012923,Hungary
1491.8945918490267,1560.6347988530551,0.0,0.0,58.23885328266996,2.845546577329151,0.18970310515527672,8.72634283714273,0.18970310515527672,5.477489826448741,Ireland
10304.101146940442,10301.20643454383,0.22034943657750816,1.1695470095267742,218.7900405648058,3.017092285445881,0.06779982663923328,1.220396879506199,0.35594908985597473,7.792784829776843,Italy
0.0,35.67683918496363,0.5310651893141187,5.310651893141187,0.0,1.0621303786282374,0.0,4.24852151451295,0.0,7.779570573794457,Latvia
50288.03371436017,50288.03371436017,0.0,0.349983323294645,5.59973317271432,1.39993329317858,0.0,8.39959975907148,0.0,7.356733506839251,Lithuania
0.0,870.0853537103762,1.5132965804037173,15.132965804037173,0.0,7.566482902018587,1.5132965804037173,27.23933844726691,1.5132965804037173,9.595710989223306,Luxembourg
0.0,0.0,0.0,0.0,0.0,1.8448448577716858,0.0,0.0,0.0,5.800792125164008,Malta
54753.67688124627,55248.29184156724,1.6281806860603198,38.90790398068281,470.6003624330207,16.22566269901491,0.33686496952972134,9.03921001571419,0.3930091311180082,6.245959004993317,Netherlands
28713.80022137356,28550.458022347088,1.6396477016511615,49.73598028341857,301.3308109478912,24.594715524767423,0.5465492338837206,7.833872352333327,1.0930984677674411,6.884074794836098,Norway
21348.4996184,21331.721384677046,0.4081217757019313,3.4010147975160945,208.19652184474523,3.428222915896223,0.05441623676025751,7.101318897213605,0.21766494704103004,6.778285471625936,Poland
10153.920467352214,9873.144307746572,0.19107003614854012,0.47767509037135036,43.85057329608996,2.866050542228102,0.47767509037135036,8.311546572461497,0.38214007229708025,5.198878870005573,Portugal
7050.005532107628,7020.911993488922,0.0,0.0,26.922706327119382,0.7347327262761625,0.10496181803945179,6.035304537268478,0.052480909019725894,7.715759964597899,Romania
19451.41527025372,19412.41062196364,0.0,0.552609125566056,28.183065403868856,2.947248669685632,0.184203041855352,21.551755897076184,0.184203041855352,9.316620289059353,Slovakia
872.236382909174,854.7137161946403,0.9447456083500395,0.0,963.6405205170404,5.196100845925217,0.47237280417501976,14.171184125250594,0.47237280417501976,8.385172576109072,Slovenia
12778.744850106532,12723.860812584087,0.6030941516691536,0.6030941516691536,117.39539607490937,9.171190375382645,0.14557445040289912,33.398938192436574,0.5615014515540395,5.767288537442192,Spain
16667.390164574594,16603.201226408033,2.0909454837288326,6.367879427719626,282.3726832799255,11.310114207442322,0.09504297653312875,9.979512535978518,0.28512892959938624,6.093126583918979,Sweden
2331.1285357619126,2331.1285357619126,2.2687608085182895,39.589876108644155,182.97555920700006,17.696334306442658,0.0,8.054100870239928,0.3403141212777434,0.0,Switzerland
0.0,0.0,0.0,0.0,1.1608878859859877,0.0,0.011726140262484724,0.02345228052496945,0.05863070131242362,0.0,Turkey
8402.160701176177,8399.978755828359,0.2952604700765176,5.181821249842884,160.13451594599934,3.365969358872301,0.05905209401530353,85.96508586277811,0.0738151175191294,5.763128323735013,United Kingdom
